Study,Subject,Mcf_pR,Condition,my_thresholds,prob,Level,my_thresholds_real,max_strength,jnd_anti_log,jnd_weighted_threshold,adj_stim_val,adjusted_status,shifted_threshold,max_shifted_strength
5,23,0.59053994027114,Light,2.36057763697677,0.25,1,2.36057763697677,4.162,9.59707094486428,0.39943,0.39943,0,-9.41057,-5.648
5,23,0.59053994027114,Light,2.92436398144915,0.5,2,2.92436398144915,4.162,17.6223781046064,0.73344,0.73344,0,-9.07656,-5.648
5,23,0.59053994027114,Light,3.48815028962128,0.75,3,3.48815028962128,4.162,31.7253592513054,1.3204,1.3204,0,-8.4896,-5.648
5,23,0.59053994027114,Light,4.43539257322765,0.95,4,4.43539257322765,4.162,83.3852457749785,3.47049,3.47049,0,-6.33951,-5.648
